PropertyPath;ElementID;ElementName;ElementAdmin;AssociateElementID;CategoryID;Unit;LowerLimit;UpperLimit;ReadMaskingLevel;WriteMaskingLevel;Description;VID
StageModule.PIV.StagePIV.PreHeatStates[0];30000251;EMPTY;EMPTY;EMPTY;EMPTY;EMPTY;0;0;100;100;EMPTY;251
StageModule.PIV.StagePIV.PreHeatStates[1];30000252;EMPTY;EMPTY;EMPTY;EMPTY;EMPTY;0;0;100;100;EMPTY;252
StageModule.PIV.StagePIV.PreHeatStates[10];30000261;EMPTY;EMPTY;EMPTY;EMPTY;EMPTY;0;0;100;100;EMPTY;261
StageModule.PIV.StagePIV.PreHeatStates[11];30000262;EMPTY;EMPTY;EMPTY;EMPTY;EMPTY;0;0;100;100;EMPTY;262
StageModule.PIV.StagePIV.PreHeatStates[2];30000253;EMPTY;EMPTY;EMPTY;EMPTY;EMPTY;0;0;100;100;EMPTY;253
StageModule.PIV.StagePIV.PreHeatStates[3];30000254;EMPTY;EMPTY;EMPTY;EMPTY;EMPTY;0;0;100;100;EMPTY;254
StageModule.PIV.StagePIV.PreHeatStates[4];30000255;EMPTY;EMPTY;EMPTY;EMPTY;EMPTY;0;0;100;100;EMPTY;255
StageModule.PIV.StagePIV.PreHeatStates[5];30000256;EMPTY;EMPTY;EMPTY;EMPTY;EMPTY;0;0;100;100;EMPTY;256
StageModule.PIV.StagePIV.PreHeatStates[6];30000257;EMPTY;EMPTY;EMPTY;EMPTY;EMPTY;0;0;100;100;EMPTY;257
StageModule.PIV.StagePIV.PreHeatStates[7];30000258;EMPTY;EMPTY;EMPTY;EMPTY;EMPTY;0;0;100;100;EMPTY;258
StageModule.PIV.StagePIV.PreHeatStates[8];30000259;EMPTY;EMPTY;EMPTY;EMPTY;EMPTY;0;0;100;100;EMPTY;259
StageModule.PIV.StagePIV.PreHeatStates[9];30000260;EMPTY;EMPTY;EMPTY;EMPTY;EMPTY;0;0;100;100;EMPTY;260
StageModule.PIV.StagePIV.StageProberCardIDs[0];30000301;EMPTY;EMPTY;EMPTY;EMPTY;EMPTY;0;0;100;100;EMPTY;301
StageModule.PIV.StagePIV.StageProberCardIDs[1];30000302;EMPTY;EMPTY;EMPTY;EMPTY;EMPTY;0;0;100;100;EMPTY;302
StageModule.PIV.StagePIV.StageProberCardIDs[10];30000311;EMPTY;EMPTY;EMPTY;EMPTY;EMPTY;0;0;100;100;EMPTY;311
StageModule.PIV.StagePIV.StageProberCardIDs[11];30000312;EMPTY;EMPTY;EMPTY;EMPTY;EMPTY;0;0;100;100;EMPTY;312
StageModule.PIV.StagePIV.StageProberCardIDs[2];30000303;EMPTY;EMPTY;EMPTY;EMPTY;EMPTY;0;0;100;100;EMPTY;303
StageModule.PIV.StagePIV.StageProberCardIDs[3];30000304;EMPTY;EMPTY;EMPTY;EMPTY;EMPTY;0;0;100;100;EMPTY;304
StageModule.PIV.StagePIV.StageProberCardIDs[4];30000305;EMPTY;EMPTY;EMPTY;EMPTY;EMPTY;0;0;100;100;EMPTY;305
StageModule.PIV.StagePIV.StageProberCardIDs[5];30000306;EMPTY;EMPTY;EMPTY;EMPTY;EMPTY;0;0;100;100;EMPTY;306
StageModule.PIV.StagePIV.StageProberCardIDs[6];30000307;EMPTY;EMPTY;EMPTY;EMPTY;EMPTY;0;0;100;100;EMPTY;307
StageModule.PIV.StagePIV.StageProberCardIDs[7];30000308;EMPTY;EMPTY;EMPTY;EMPTY;EMPTY;0;0;100;100;EMPTY;308
StageModule.PIV.StagePIV.StageProberCardIDs[8];30000309;EMPTY;EMPTY;EMPTY;EMPTY;EMPTY;0;0;100;100;EMPTY;309
StageModule.PIV.StagePIV.StageProberCardIDs[9];30000310;EMPTY;EMPTY;EMPTY;EMPTY;EMPTY;0;0;100;100;EMPTY;310
StageModule.PIV.StagePIV.StageStates[0];30000201;EMPTY;EMPTY;EMPTY;EMPTY;EMPTY;0;0;100;100;EMPTY;201
StageModule.PIV.StagePIV.StageStates[1];30000202;EMPTY;EMPTY;EMPTY;EMPTY;EMPTY;0;0;100;100;EMPTY;202
StageModule.PIV.StagePIV.StageStates[10];30000211;EMPTY;EMPTY;EMPTY;EMPTY;EMPTY;0;0;100;100;EMPTY;211
StageModule.PIV.StagePIV.StageStates[11];30000212;EMPTY;EMPTY;EMPTY;EMPTY;EMPTY;0;0;100;100;EMPTY;212
StageModule.PIV.StagePIV.StageStates[2];30000203;EMPTY;EMPTY;EMPTY;EMPTY;EMPTY;0;0;100;100;EMPTY;203
StageModule.PIV.StagePIV.StageStates[3];30000204;EMPTY;EMPTY;EMPTY;EMPTY;EMPTY;0;0;100;100;EMPTY;204
StageModule.PIV.StagePIV.StageStates[4];30000205;EMPTY;EMPTY;EMPTY;EMPTY;EMPTY;0;0;100;100;EMPTY;205
StageModule.PIV.StagePIV.StageStates[5];30000206;EMPTY;EMPTY;EMPTY;EMPTY;EMPTY;0;0;100;100;EMPTY;206
StageModule.PIV.StagePIV.StageStates[6];30000207;EMPTY;EMPTY;EMPTY;EMPTY;EMPTY;0;0;100;100;EMPTY;207
StageModule.PIV.StagePIV.StageStates[7];30000208;EMPTY;EMPTY;EMPTY;EMPTY;EMPTY;0;0;100;100;EMPTY;208
StageModule.PIV.StagePIV.StageStates[8];30000209;EMPTY;EMPTY;EMPTY;EMPTY;EMPTY;0;0;100;100;EMPTY;209
StageModule.PIV.StagePIV.StageStates[9];30000210;EMPTY;EMPTY;EMPTY;EMPTY;EMPTY;0;0;100;100;EMPTY;210
StageSupervisor.MarkObject.AlignState;7;EMPTY;EMPTY;EMPTY;EMPTY;EMPTY;0;0;100;100;EMPTY;0
StageSupervisor.MarkObject.MarkSetupChangedToggle;8;EMPTY;EMPTY;EMPTY;EMPTY;EMPTY;0;0;100;100;EMPTY;0
StageSupervisor.ProbeCard.AlignState;4;EMPTY;EMPTY;EMPTY;EMPTY;EMPTY;0;0;100;100;EMPTY;0
StageSupervisor.ProbeCard.PinSetupChangedToggle;6;EMPTY;EMPTY;EMPTY;EMPTY;EMPTY;0;0;100;100;EMPTY;0
StageSupervisor.ProbeCard.ProbeCardChangedToggle;5;EMPTY;EMPTY;C2,D896;EMPTY;EMPTY;0;0;100;100;EMPTY;0
StageSupervisor.StagePIV.CleaningTouchDownCount;30000034;EMPTY;EMPTY;EMPTY;EMPTY;EMPTY;0;0;100;100;EMPTY;1063
StageSupervisor.StagePIV.CurTemperature;30000030;EMPTY;EMPTY;EMPTY;EMPTY;EMPTY;0;0;100;100;EMPTY;30851
StageSupervisor.StagePIV.DevDownResult;30000035;EMPTY;EMPTY;EMPTY;EMPTY;EMPTY;0;0;100;100;EMPTY;1037
StageSupervisor.StagePIV.LoadFoupNumber;30000026;EMPTY;EMPTY;EMPTY;EMPTY;EMPTY;0;0;100;100;EMPTY;1035
StageSupervisor.StagePIV.LotID;30000019;EMPTY;EMPTY;EMPTY;EMPTY;EMPTY;0;0;100;100;EMPTY;1520
StageSupervisor.StagePIV.PreHeatState;30000018;EMPTY;EMPTY;EMPTY;EMPTY;EMPTY;0;0;100;100;EMPTY;1091
StageSupervisor.StagePIV.ProbeCardID;30000022;EMPTY;EMPTY;EMPTY;EMPTY;EMPTY;0;0;100;100;EMPTY;1105
StageSupervisor.StagePIV.ProbeCardState;30000004;EMPTY;EMPTY;EMPTY;EMPTY;EMPTY;0;0;100;100;EMPTY;1106
StageSupervisor.StagePIV.RecipeID;30000023;EMPTY;EMPTY;EMPTY;EMPTY;EMPTY;0;0;100;100;EMPTY;30098
StageSupervisor.StagePIV.SetTemperature;30000031;EMPTY;EMPTY;EMPTY;EMPTY;EMPTY;0;0;100;100;EMPTY;1022
StageSupervisor.StagePIV.SlotNumber;30000024;EMPTY;EMPTY;EMPTY;EMPTY;EMPTY;0;0;100;100;EMPTY;1508
StageSupervisor.StagePIV.StageNumber;30000016;EMPTY;EMPTY;EMPTY;EMPTY;EMPTY;0;0;100;100;EMPTY;1090
StageSupervisor.StagePIV.StageState;30000017;EMPTY;EMPTY;EMPTY;EMPTY;EMPTY;0;0;100;100;EMPTY;1091
StageSupervisor.StagePIV.WaferID;30000021;EMPTY;EMPTY;EMPTY;EMPTY;EMPTY;0;0;100;100;EMPTY;1503
StageSupervisor.StagePIV.XCoordinate;30000032;EMPTY;EMPTY;EMPTY;EMPTY;EMPTY;0;0;100;100;EMPTY;1595
StageSupervisor.StagePIV.YCoordinate;30000033;EMPTY;EMPTY;EMPTY;EMPTY;EMPTY;0;0;100;100;EMPTY;1596
StageSupervisor.WaferObject.AlignState;3;EMPTY;EMPTY;EMPTY;EMPTY;EMPTY;0;0;100;100;EMPTY;0
StageSupervisor.WaferObject.PadSetupChangedToggle;2;EMPTY;EMPTY;C6,C4;EMPTY;EMPTY;0;0;100;100;EMPTY;0
StageSupervisor.WaferObject.PolishWaferInfo.DefineName;9;EMPTY;EMPTY;EMPTY;EMPTY;EMPTY;0;0;100;100;EMPTY;0
StageSupervisor.WaferObject.PolishWaferInfo.IdentificationColorBrush;30000010;EMPTY;EMPTY;EMPTY;EMPTY;EMPTY;0;0;100;100;EMPTY;0
StageSupervisor.WaferObject.PolishWaferInfo.Margin;14;EMPTY;EMPTY;EMPTY;EMPTY;EMPTY;0;0;100;100;EMPTY;0
StageSupervisor.WaferObject.PolishWaferInfo.MaxLimitCount;10;EMPTY;EMPTY;EMPTY;EMPTY;EMPTY;0;0;100;100;EMPTY;0
StageSupervisor.WaferObject.PolishWaferInfo.Size;30000005;EMPTY;EMPTY;EMPTY;EMPTY;EMPTY;0;0;100;100;EMPTY;0
StageSupervisor.WaferObject.PolishWaferInfo.Thickness;19;EMPTY;EMPTY;EMPTY;EMPTY;EMPTY;0;0;100;100;EMPTY;0
StageSupervisor.WaferObject.PolishWaferInfo.TouchCount;11;EMPTY;EMPTY;EMPTY;EMPTY;EMPTY;0;0;100;100;EMPTY;0
StageSupervisor.WaferObject.WaferAlignSetupChangedToggle;1;EMPTY;EMPTY;C2;EMPTY;EMPTY;0;0;100;100;EMPTY;0
TempController.TemperatureInfo.CurTemp;30000001;EMPTY;EMPTY;EMPTY;EMPTY;EMPTY;0;0;100;100;EMPTY;0
TempController.TemperatureInfo.PreSetTemp;30000002;EMPTY;EMPTY;EMPTY;EMPTY;EMPTY;0;0;100;100;EMPTY;0
TempController.TemperatureInfo.SetTemp;30000003;EMPTY;EMPTY;EMPTY;EMPTY;EMPTY;0;0;100;100;EMPTY;0
